{"test_rmse": [1.322879040538867, 1.3045250578034988, 1.2737164307538378, 1.2626580402346785, 1.2721734633086335, 1.2831966489197086, 1.25739949972258, 1.258513318923069], "test_mae": [1.0448521563068063, 1.0409564888390683, 1.010365524126149, 1.0127848833378903, 1.0301859859989169, 1.0320163719843314, 1.011746897835756, 1.0267883511686517], "test_time": [0.0023013591766357423, 0.002499246597290039, 0.0033995866775512694, 0.003702092170715332, 0.0036205768585205076, 0.004301285743713379, 0.005190443992614746, 0.005808806419372559], "fit_time": [0.008219051361083984, 0.007497119903564453, 0.008299040794372558, 0.009205293655395509, 0.008469581604003906, 0.008599042892456055, 0.00860750675201416, 0.008792614936828614]}