{"test_rmse": [1.3625975909480643, 1.3023054138863095, 1.2631682946416707, 1.2483551675613884, 1.2090694997366485, 1.212205372994799, 1.1976705520977597, 1.1922824227767757], "test_mae": [1.094854131396805, 1.0375781840786837, 1.0366561436336492, 1.0242486641575725, 0.9988096940845101, 1.0046683398788296, 0.9908699375849137, 0.9959711352010187], "test_time": [0.00240020751953125, 0.002900981903076172, 0.0028125286102294923, 0.0028984785079956056, 0.0039038658142089844, 0.0039058208465576174, 0.004200172424316406, 0.004606223106384278], "fit_time": [0.008009815216064453, 0.0073987007141113285, 0.007115626335144043, 0.006999588012695313, 0.007396245002746582, 0.008099079132080078, 0.006894707679748535, 0.006998658180236816]}