{"test_rmse": [1.1758918583400513, 1.1907222307162686, 1.1943956885278912, 1.1801431789003085, 1.1690928776569227, 1.1773735662049152, 1.188999554843494, 1.1819542832386012], "test_mae": [0.9847109469259273, 0.9894506553321987, 0.9978621001175713, 0.9829297547114988, 0.9731451365431198, 0.9753442444434075, 0.9870580712342514, 0.9828648780956663], "test_time": [0.0005005598068237305, 0.0006000757217407227, 0.000496530532836914, 0.0003042936325073242, 0.00030138492584228513, 0.0006998300552368164, 0.00010004043579101563, 0.00030014514923095705], "fit_time": [0.03140025138854981, 0.03249967098236084, 0.030604219436645506, 0.03199489116668701, 0.030362653732299804, 0.03040168285369873, 0.031198954582214354, 0.03069901466369629]}